antecedents,consequents,antecedent support,consequent support,support,confidence,lift,representativity,leverage,conviction,zhangs_metric,jaccard,certainty,kulczynski
frozenset({'Fresh Foods'}),frozenset({'Household & Personal Care'}),0.5238095238095238,0.08426630840423945,0.04134945514255859,0.07893986890852094,0.9367904018036877,1.0,-0.0027900397358525536,0.9942170556341348,-0.12411067193675931,0.0729619386276834,-0.005816581332108289,0.28481980159332154
frozenset({'Household & Personal Care'}),frozenset({'Fresh Foods'}),0.08426630840423945,0.5238095238095238,0.04134945514255859,0.4906997342781222,0.9367904018036878,1.0,-0.0027900397358525536,0.9349896480331261,-0.06862700497241953,0.0729619386276834,-0.06953055801594346,0.28481980159332154
frozenset({'Packaged Foods'}),frozenset({'Other'}),0.503209434243917,0.4794745484400657,0.2257799671592775,0.44867991693859394,0.9357742103274099,1.0,-0.01549614909560551,0.9441438241638626,-0.1213846639766751,0.2982940538408441,-0.05916066430408931,0.459785163948749
frozenset({'Other'}),frozenset({'Packaged Foods'}),0.4794745484400657,0.503209434243917,0.2257799671592775,0.4708904109589041,0.9357742103274099,1.0,-0.01549614909560551,0.9389180919144092,-0.1164945585075605,0.2982940538408441,-0.06505563010405681,0.459785163948749
